What is your age (# years)?,What is your gender? - Selected Choice,Location,What is the highest level of formal education that you have attained or plan to attain within the next 2 years?,Job_Title,What is the size of the company where you are employed?,Approximately how many individuals are responsible for data science workloads at your place of business?,Does your current employer incorporate machine learning methods into their business?,Select any activities that make up an important part of your role at work: (Select all that apply) - Selected Choice - Analyze and understand data to influence product or business decisions,"Select any activities that make up an important part of your role at work: (Select all that apply) - Selected Choice - Build and/or run the data infrastructure that my business uses for storing, analyzing, and operationalizing data",Select any activities that make up an important part of your role at work: (Select all that apply) - Selected Choice - Build prototypes to explore applying machine learning to new areas,Select any activities that make up an important part of your role at work: (Select all that apply) - Selected Choice - Build and/or run a machine learning service that operationally improves my product or workflows,Select any activities that make up an important part of your role at work: (Select all that apply) - Selected Choice - Experimentation and iteration to improve existing ML models,Select any activities that make up an important part of your role at work: (Select all that apply) - Selected Choice - Do research that advances the state of the art of machine learning,Select any activities that make up an important part of your role at work: (Select all that apply) - Selected Choice - None of these activities are an important part of my role at work,Select any activities that make up an important part of your role at work: (Select all that apply) - Selected Choice - Other,What is your current yearly compensation (approximate $USD)?,Approximately how much money have you spent on machine learning and/or cloud computing products at your work in the past 5 years?,Who/what are your favorite media sources that report on data science topics? (Select all that apply) - Selected Choice - Twitter (data science influencers),Who/what are your favorite media sources that report on data science topics? (Select all that apply) - Selected Choice - Hacker News (https://news.ycombinator.com/),"Who/what are your favorite media sources that report on data science topics? (Select all that apply) - Selected Choice - Reddit (r/machinelearning, r/datascience, etc)","Who/what are your favorite media sources that report on data science topics? (Select all that apply) - Selected Choice - Kaggle (forums, blog, social media, etc)","Who/what are your favorite media sources that report on data science topics? (Select all that apply) - Selected Choice - Course Forums (forums.fast.ai, etc)","Who/what are your favorite media sources that report on data science topics? (Select all that apply) - Selected Choice - YouTube (Cloud AI Adventures, Siraj Raval, etc)","Who/what are your favorite media sources that report on data science topics? (Select all that apply) - Selected Choice - Podcasts (Chai Time Data Science, Linear Digressions, etc)","Who/what are your favorite media sources that report on data science topics? (Select all that apply) - Selected Choice - Blogs (Towards Data Science, Medium, Analytics Vidhya, KDnuggets etc)","Who/what are your favorite media sources that report on data science topics? (Select all that apply) - Selected Choice - Journal Publications (traditional publications, preprint journals, etc)","Who/what are your favorite media sources that report on data science topics? (Select all that apply) - Selected Choice - Slack Communities (ods.ai, kagglenoobs, etc)",Who/what are your favorite media sources that report on data science topics? (Select all that apply) - Selected Choice - None,Who/what are your favorite media sources that report on data science topics? (Select all that apply) - Selected Choice - Other,On which platforms have you begun or completed data science courses? (Select all that apply) - Selected Choice - Udacity,On which platforms have you begun or completed data science courses? (Select all that apply) - Selected Choice - Coursera,On which platforms have you begun or completed data science courses? (Select all that apply) - Selected Choice - edX,On which platforms have you begun or completed data science courses? (Select all that apply) - Selected Choice - DataCamp,On which platforms have you begun or completed data science courses? (Select all that apply) - Selected Choice - DataQuest,On which platforms have you begun or completed data science courses? (Select all that apply) - Selected Choice - Kaggle Courses (i.e. Kaggle Learn),On which platforms have you begun or completed data science courses? (Select all that apply) - Selected Choice - Fast.ai,On which platforms have you begun or completed data science courses? (Select all that apply) - Selected Choice - Udemy,On which platforms have you begun or completed data science courses? (Select all that apply) - Selected Choice - LinkedIn Learning,On which platforms have you begun or completed data science courses? (Select all that apply) - Selected Choice - University Courses (resulting in a university degree),On which platforms have you begun or completed data science courses? (Select all that apply) - Selected Choice - None,On which platforms have you begun or completed data science courses? (Select all that apply) - Selected Choice - Other,What is the primary tool that you use at work or school to analyze data? (Include text response) - Selected Choice,How long have you been writing code to analyze data (at work or at school)?,"Which of the following integrated development environments (IDE's) do you use on a regular basis?  (Select all that apply) - Selected Choice - Jupyter (JupyterLab, Jupyter Notebooks, etc) ",Which of the following integrated development environments (IDE's) do you use on a regular basis?  (Select all that apply) - Selected Choice -  RStudio ,Which of the following integrated development environments (IDE's) do you use on a regular basis?  (Select all that apply) - Selected Choice -  PyCharm ,Which of the following integrated development environments (IDE's) do you use on a regular basis?  (Select all that apply) - Selected Choice -  Atom ,Which of the following integrated development environments (IDE's) do you use on a regular basis?  (Select all that apply) - Selected Choice -  MATLAB ,Which of the following integrated development environments (IDE's) do you use on a regular basis?  (Select all that apply) - Selected Choice -  Visual Studio / Visual Studio Code ,Which of the following integrated development environments (IDE's) do you use on a regular basis?  (Select all that apply) - Selected Choice -   Spyder  ,Which of the following integrated development environments (IDE's) do you use on a regular basis?  (Select all that apply) - Selected Choice -   Vim / Emacs  ,Which of the following integrated development environments (IDE's) do you use on a regular basis?  (Select all that apply) - Selected Choice -   Notepad++  ,Which of the following integrated development environments (IDE's) do you use on a regular basis?  (Select all that apply) - Selected Choice -   Sublime Text  ,Which of the following integrated development environments (IDE's) do you use on a regular basis?  (Select all that apply) - Selected Choice - None,Which of the following integrated development environments (IDE's) do you use on a regular basis?  (Select all that apply) - Selected Choice - Other,Which of the following hosted notebook products do you use on a regular basis?  (Select all that apply) - Selected Choice -  Kaggle Notebooks (Kernels) ,Which of the following hosted notebook products do you use on a regular basis?  (Select all that apply) - Selected Choice -  Google Colab ,Which of the following hosted notebook products do you use on a regular basis?  (Select all that apply) - Selected Choice -  Microsoft Azure Notebooks ,"Which of the following hosted notebook products do you use on a regular basis?  (Select all that apply) - Selected Choice -  Google Cloud Notebook Products (AI Platform, Datalab, etc) ",Which of the following hosted notebook products do you use on a regular basis?  (Select all that apply) - Selected Choice -  Paperspace / Gradient ,Which of the following hosted notebook products do you use on a regular basis?  (Select all that apply) - Selected Choice -  FloydHub ,Which of the following hosted notebook products do you use on a regular basis?  (Select all that apply) - Selected Choice -  Binder / JupyterHub ,Which of the following hosted notebook products do you use on a regular basis?  (Select all that apply) - Selected Choice -  IBM Watson Studio ,Which of the following hosted notebook products do you use on a regular basis?  (Select all that apply) - Selected Choice - Code Ocean ,"Which of the following hosted notebook products do you use on a regular basis?  (Select all that apply) - Selected Choice - AWS Notebook Products (EMR Notebooks, Sagemaker Notebooks, etc) ",Which of the following hosted notebook products do you use on a regular basis?  (Select all that apply) - Selected Choice - None,Which of the following hosted notebook products do you use on a regular basis?  (Select all that apply) - Selected Choice - Other,What programming languages do you use on a regular basis? (Select all that apply) - Selected Choice - Python,What programming languages do you use on a regular basis? (Select all that apply) - Selected Choice - R,What programming languages do you use on a regular basis? (Select all that apply) - Selected Choice - SQL,What programming languages do you use on a regular basis? (Select all that apply) - Selected Choice - C,What programming languages do you use on a regular basis? (Select all that apply) - Selected Choice - C++,What programming languages do you use on a regular basis? (Select all that apply) - Selected Choice - Java,What programming languages do you use on a regular basis? (Select all that apply) - Selected Choice - Javascript,What programming languages do you use on a regular basis? (Select all that apply) - Selected Choice - TypeScript,What programming languages do you use on a regular basis? (Select all that apply) - Selected Choice - Bash,What programming languages do you use on a regular basis? (Select all that apply) - Selected Choice - MATLAB,What programming languages do you use on a regular basis? (Select all that apply) - Selected Choice - None,What programming languages do you use on a regular basis? (Select all that apply) - Selected Choice - Other,What programming language would you recommend an aspiring data scientist to learn first? - Selected Choice,What data visualization libraries or tools do you use on a regular basis?  (Select all that apply) - Selected Choice -  Ggplot / ggplot2 ,What data visualization libraries or tools do you use on a regular basis?  (Select all that apply) - Selected Choice -  Matplotlib ,What data visualization libraries or tools do you use on a regular basis?  (Select all that apply) - Selected Choice -  Altair ,What data visualization libraries or tools do you use on a regular basis?  (Select all that apply) - Selected Choice -  Shiny ,What data visualization libraries or tools do you use on a regular basis?  (Select all that apply) - Selected Choice -  D3.js ,What data visualization libraries or tools do you use on a regular basis?  (Select all that apply) - Selected Choice -  Plotly / Plotly Express ,What data visualization libraries or tools do you use on a regular basis?  (Select all that apply) - Selected Choice -  Bokeh ,What data visualization libraries or tools do you use on a regular basis?  (Select all that apply) - Selected Choice -  Seaborn ,What data visualization libraries or tools do you use on a regular basis?  (Select all that apply) - Selected Choice -  Geoplotlib ,What data visualization libraries or tools do you use on a regular basis?  (Select all that apply) - Selected Choice -  Leaflet / Folium ,What data visualization libraries or tools do you use on a regular basis?  (Select all that apply) - Selected Choice - None,What data visualization libraries or tools do you use on a regular basis?  (Select all that apply) - Selected Choice - Other,Which types of specialized hardware do you use on a regular basis?  (Select all that apply) - Selected Choice - CPUs,Which types of specialized hardware do you use on a regular basis?  (Select all that apply) - Selected Choice - GPUs,Which types of specialized hardware do you use on a regular basis?  (Select all that apply) - Selected Choice - TPUs,Which types of specialized hardware do you use on a regular basis?  (Select all that apply) - Selected Choice - None / I do not know,Which types of specialized hardware do you use on a regular basis?  (Select all that apply) - Selected Choice - Other,Have you ever used a TPU (tensor processing unit)?,For how many years have you used machine learning methods?,Which of the following ML algorithms do you use on a regular basis? (Select all that apply): - Selected Choice - Linear or Logistic Regression,Which of the following ML algorithms do you use on a regular basis? (Select all that apply): - Selected Choice - Decision Trees or Random Forests,"Which of the following ML algorithms do you use on a regular basis? (Select all that apply): - Selected Choice - Gradient Boosting Machines (xgboost, lightgbm, etc)",Which of the following ML algorithms do you use on a regular basis? (Select all that apply): - Selected Choice - Bayesian Approaches,Which of the following ML algorithms do you use on a regular basis? (Select all that apply): - Selected Choice - Evolutionary Approaches,"Which of the following ML algorithms do you use on a regular basis? (Select all that apply): - Selected Choice - Dense Neural Networks (MLPs, etc)",Which of the following ML algorithms do you use on a regular basis? (Select all that apply): - Selected Choice - Convolutional Neural Networks,Which of the following ML algorithms do you use on a regular basis? (Select all that apply): - Selected Choice - Generative Adversarial Networks,Which of the following ML algorithms do you use on a regular basis? (Select all that apply): - Selected Choice - Recurrent Neural Networks,"Which of the following ML algorithms do you use on a regular basis? (Select all that apply): - Selected Choice - Transformer Networks (BERT, gpt-2, etc)",Which of the following ML algorithms do you use on a regular basis? (Select all that apply): - Selected Choice - None,Which of the following ML algorithms do you use on a regular basis? (Select all that apply): - Selected Choice - Other,"Which categories of ML tools do you use on a regular basis?  (Select all that apply) - Selected Choice - Automated data augmentation (e.g. imgaug, albumentations)","Which categories of ML tools do you use on a regular basis?  (Select all that apply) - Selected Choice - Automated feature engineering/selection (e.g. tpot, boruta_py)","Which categories of ML tools do you use on a regular basis?  (Select all that apply) - Selected Choice - Automated model selection (e.g. auto-sklearn, xcessiv)","Which categories of ML tools do you use on a regular basis?  (Select all that apply) - Selected Choice - Automated model architecture searches (e.g. darts, enas)","Which categories of ML tools do you use on a regular basis?  (Select all that apply) - Selected Choice - Automated hyperparameter tuning (e.g. hyperopt, ray.tune)","Which categories of ML tools do you use on a regular basis?  (Select all that apply) - Selected Choice - Automation of full ML pipelines (e.g. Google AutoML, H20 Driverless AI)",Which categories of ML tools do you use on a regular basis?  (Select all that apply) - Selected Choice - None,Which categories of ML tools do you use on a regular basis?  (Select all that apply) - Selected Choice - Other,"Which categories of computer vision methods do you use on a regular basis?  (Select all that apply) - Selected Choice - General purpose image/video tools (PIL, cv2, skimage, etc)","Which categories of computer vision methods do you use on a regular basis?  (Select all that apply) - Selected Choice - Image segmentation methods (U-Net, Mask R-CNN, etc)","Which categories of computer vision methods do you use on a regular basis?  (Select all that apply) - Selected Choice - Object detection methods (YOLOv3, RetinaNet, etc)","Which categories of computer vision methods do you use on a regular basis?  (Select all that apply) - Selected Choice - Image classification and other general purpose networks (VGG, Inception, ResNet, ResNeXt, NASNet, EfficientNet, etc)","Which categories of computer vision methods do you use on a regular basis?  (Select all that apply) - Selected Choice - Generative Networks (GAN, VAE, etc)",Which categories of computer vision methods do you use on a regular basis?  (Select all that apply) - Selected Choice - None,Which categories of computer vision methods do you use on a regular basis?  (Select all that apply) - Selected Choice - Other,"Which of the following natural language processing (NLP) methods do you use on a regular basis?  (Select all that apply) - Selected Choice - Word embeddings/vectors (GLoVe, fastText, word2vec)","Which of the following natural language processing (NLP) methods do you use on a regular basis?  (Select all that apply) - Selected Choice - Encoder-decorder models (seq2seq, vanilla transformers)","Which of the following natural language processing (NLP) methods do you use on a regular basis?  (Select all that apply) - Selected Choice - Contextualized embeddings (ELMo, CoVe)","Which of the following natural language processing (NLP) methods do you use on a regular basis?  (Select all that apply) - Selected Choice - Transformer language models (GPT-2, BERT, XLnet, etc)",Which of the following natural language processing (NLP) methods do you use on a regular basis?  (Select all that apply) - Selected Choice - None,Which of the following natural language processing (NLP) methods do you use on a regular basis?  (Select all that apply) - Selected Choice - Other,Which of the following machine learning frameworks do you use on a regular basis? (Select all that apply) - Selected Choice -   Scikit-learn ,Which of the following machine learning frameworks do you use on a regular basis? (Select all that apply) - Selected Choice -   TensorFlow ,Which of the following machine learning frameworks do you use on a regular basis? (Select all that apply) - Selected Choice -  Keras ,Which of the following machine learning frameworks do you use on a regular basis? (Select all that apply) - Selected Choice -  RandomForest,Which of the following machine learning frameworks do you use on a regular basis? (Select all that apply) - Selected Choice -  Xgboost ,Which of the following machine learning frameworks do you use on a regular basis? (Select all that apply) - Selected Choice -  PyTorch ,Which of the following machine learning frameworks do you use on a regular basis? (Select all that apply) - Selected Choice -  Caret ,Which of the following machine learning frameworks do you use on a regular basis? (Select all that apply) - Selected Choice -  LightGBM ,Which of the following machine learning frameworks do you use on a regular basis? (Select all that apply) - Selected Choice -  Spark MLib ,Which of the following machine learning frameworks do you use on a regular basis? (Select all that apply) - Selected Choice -  Fast.ai ,Which of the following machine learning frameworks do you use on a regular basis? (Select all that apply) - Selected Choice - None,Which of the following machine learning frameworks do you use on a regular basis? (Select all that apply) - Selected Choice - Other,Which of the following cloud computing platforms do you use on a regular basis? (Select all that apply) - Selected Choice -  Google Cloud Platform (GCP) ,Which of the following cloud computing platforms do you use on a regular basis? (Select all that apply) - Selected Choice -  Amazon Web Services (AWS) ,Which of the following cloud computing platforms do you use on a regular basis? (Select all that apply) - Selected Choice -  Microsoft Azure ,Which of the following cloud computing platforms do you use on a regular basis? (Select all that apply) - Selected Choice -  IBM Cloud ,Which of the following cloud computing platforms do you use on a regular basis? (Select all that apply) - Selected Choice -  Alibaba Cloud ,Which of the following cloud computing platforms do you use on a regular basis? (Select all that apply) - Selected Choice -  Salesforce Cloud ,Which of the following cloud computing platforms do you use on a regular basis? (Select all that apply) - Selected Choice -  Oracle Cloud ,Which of the following cloud computing platforms do you use on a regular basis? (Select all that apply) - Selected Choice -  SAP Cloud ,Which of the following cloud computing platforms do you use on a regular basis? (Select all that apply) - Selected Choice -  VMware Cloud ,Which of the following cloud computing platforms do you use on a regular basis? (Select all that apply) - Selected Choice -  Red Hat Cloud ,Which of the following cloud computing platforms do you use on a regular basis? (Select all that apply) - Selected Choice - None,Which of the following cloud computing platforms do you use on a regular basis? (Select all that apply) - Selected Choice - Other,Which specific cloud computing products do you use on a regular basis? (Select all that apply) - Selected Choice - AWS Elastic Compute Cloud (EC2),Which specific cloud computing products do you use on a regular basis? (Select all that apply) - Selected Choice - Google Compute Engine (GCE),Which specific cloud computing products do you use on a regular basis? (Select all that apply) - Selected Choice - AWS Lambda,Which specific cloud computing products do you use on a regular basis? (Select all that apply) - Selected Choice - Azure Virtual Machines,Which specific cloud computing products do you use on a regular basis? (Select all that apply) - Selected Choice - Google App Engine,Which specific cloud computing products do you use on a regular basis? (Select all that apply) - Selected Choice - Google Cloud Functions,Which specific cloud computing products do you use on a regular basis? (Select all that apply) - Selected Choice - AWS Elastic Beanstalk,Which specific cloud computing products do you use on a regular basis? (Select all that apply) - Selected Choice - Google Kubernetes Engine,Which specific cloud computing products do you use on a regular basis? (Select all that apply) - Selected Choice - AWS Batch,Which specific cloud computing products do you use on a regular basis? (Select all that apply) - Selected Choice - Azure Container Service,Which specific cloud computing products do you use on a regular basis? (Select all that apply) - Selected Choice - None,Which specific cloud computing products do you use on a regular basis? (Select all that apply) - Selected Choice - Other,Which specific big data / analytics products do you use on a regular basis? (Select all that apply) - Selected Choice - Google BigQuery,Which specific big data / analytics products do you use on a regular basis? (Select all that apply) - Selected Choice - AWS Redshift,Which specific big data / analytics products do you use on a regular basis? (Select all that apply) - Selected Choice - Databricks,Which specific big data / analytics products do you use on a regular basis? (Select all that apply) - Selected Choice - AWS Elastic MapReduce,Which specific big data / analytics products do you use on a regular basis? (Select all that apply) - Selected Choice - Teradata,Which specific big data / analytics products do you use on a regular basis? (Select all that apply) - Selected Choice - Microsoft Analysis Services,Which specific big data / analytics products do you use on a regular basis? (Select all that apply) - Selected Choice - Google Cloud Dataflow,Which specific big data / analytics products do you use on a regular basis? (Select all that apply) - Selected Choice - AWS Athena,Which specific big data / analytics products do you use on a regular basis? (Select all that apply) - Selected Choice - AWS Kinesis,Which specific big data / analytics products do you use on a regular basis? (Select all that apply) - Selected Choice - Google Cloud Pub/Sub,Which specific big data / analytics products do you use on a regular basis? (Select all that apply) - Selected Choice - None,Which specific big data / analytics products do you use on a regular basis? (Select all that apply) - Selected Choice - Other,Which of the following machine learning products do you use on a regular basis? (Select all that apply) - Selected Choice - SAS,Which of the following machine learning products do you use on a regular basis? (Select all that apply) - Selected Choice - Cloudera,Which of the following machine learning products do you use on a regular basis? (Select all that apply) - Selected Choice - Azure Machine Learning Studio,Which of the following machine learning products do you use on a regular basis? (Select all that apply) - Selected Choice - Google Cloud Machine Learning Engine,Which of the following machine learning products do you use on a regular basis? (Select all that apply) - Selected Choice - Google Cloud Vision,Which of the following machine learning products do you use on a regular basis? (Select all that apply) - Selected Choice - Google Cloud Speech-to-Text,Which of the following machine learning products do you use on a regular basis? (Select all that apply) - Selected Choice - Google Cloud Natural Language,Which of the following machine learning products do you use on a regular basis? (Select all that apply) - Selected Choice - RapidMiner,Which of the following machine learning products do you use on a regular basis? (Select all that apply) - Selected Choice - Google Cloud Translation,Which of the following machine learning products do you use on a regular basis? (Select all that apply) - Selected Choice - Amazon SageMaker,Which of the following machine learning products do you use on a regular basis? (Select all that apply) - Selected Choice - None,Which of the following machine learning products do you use on a regular basis? (Select all that apply) - Selected Choice - Other,Which automated machine learning tools (or partial AutoML tools) do you use on a regular basis?  (Select all that apply) - Selected Choice -  Google AutoML ,Which automated machine learning tools (or partial AutoML tools) do you use on a regular basis?  (Select all that apply) - Selected Choice -  H20 Driverless AI  ,Which automated machine learning tools (or partial AutoML tools) do you use on a regular basis?  (Select all that apply) - Selected Choice -  Databricks AutoML ,Which automated machine learning tools (or partial AutoML tools) do you use on a regular basis?  (Select all that apply) - Selected Choice -  DataRobot AutoML ,Which automated machine learning tools (or partial AutoML tools) do you use on a regular basis?  (Select all that apply) - Selected Choice -   Tpot ,Which automated machine learning tools (or partial AutoML tools) do you use on a regular basis?  (Select all that apply) - Selected Choice -   Auto-Keras ,Which automated machine learning tools (or partial AutoML tools) do you use on a regular basis?  (Select all that apply) - Selected Choice -   Auto-Sklearn ,Which automated machine learning tools (or partial AutoML tools) do you use on a regular basis?  (Select all that apply) - Selected Choice -   Auto_ml ,Which automated machine learning tools (or partial AutoML tools) do you use on a regular basis?  (Select all that apply) - Selected Choice -   Xcessiv ,Which automated machine learning tools (or partial AutoML tools) do you use on a regular basis?  (Select all that apply) - Selected Choice -   MLbox ,Which automated machine learning tools (or partial AutoML tools) do you use on a regular basis?  (Select all that apply) - Selected Choice - None,Which automated machine learning tools (or partial AutoML tools) do you use on a regular basis?  (Select all that apply) - Selected Choice - Other,Which of the following relational database products do you use on a regular basis? (Select all that apply) - Selected Choice - MySQL,Which of the following relational database products do you use on a regular basis? (Select all that apply) - Selected Choice - PostgresSQL,Which of the following relational database products do you use on a regular basis? (Select all that apply) - Selected Choice - SQLite,Which of the following relational database products do you use on a regular basis? (Select all that apply) - Selected Choice - Microsoft SQL Server,Which of the following relational database products do you use on a regular basis? (Select all that apply) - Selected Choice - Oracle Database,Which of the following relational database products do you use on a regular basis? (Select all that apply) - Selected Choice - Microsoft Access,Which of the following relational database products do you use on a regular basis? (Select all that apply) - Selected Choice - AWS Relational Database Service,Which of the following relational database products do you use on a regular basis? (Select all that apply) - Selected Choice - AWS DynamoDB,Which of the following relational database products do you use on a regular basis? (Select all that apply) - Selected Choice - Azure SQL Database,Which of the following relational database products do you use on a regular basis? (Select all that apply) - Selected Choice - Google Cloud SQL,Which of the following relational database products do you use on a regular basis? (Select all that apply) - Selected Choice - None,Which of the following relational database products do you use on a regular basis? (Select all that apply) - Selected Choice - Other,Unnamed: 0,company_name,description,pay_period,Salary_Min,formatted_work_type,remote_allowed,job_posting_url,application_url,application_type,closed_time,formatted_experience_level,Required_Skills,listed_time,posting_domain,sponsored,work_type,currency,compensation_type,zip_code,fips,Industry,Company_Size,AI_Adoption_Level,Automation_Risk,Skills,Salary_Median_y,Remote_Friendly,Job_Growth_Projection,Year,Education.Major,Salaries.Highest,Salaries.Mean,Salaries.Median
,,"Miami, FL",,	HRIS Specialist,,,,,,,,,,,,,,,,,,,,,,,,,,,,,,,,,,,,,,,,,,,,,,,,,,,,,,,,,,,,,,,,,,,,,,,,,,,,,,,,,,,,,,,,,,,,,,,,,,,,,,,,,,,,,,,,,,,,,,,,,,,,,,,,,,,,,,,,,,,,,,,,,,,,,,,,,,,,,,,,,,,,,,,,,,,,,,,,,,,,,,,,,,,,,,,,,,,,,,,,,,,,,,,,,,,,,53638.0,Norwegian Cruise Line Holdings Ltd.,"JOB SUMMARY: Responsible for the administration, support, and coordination of Human Resources Management (HRM) systems and projects ensuring all professional and technical standards are met. Subject matter expert expected to make recommendations to improve business processes and system functionality. Serve as a functional/technical liaison between the Human Resources and IT Teams on system and reporting improvements, upgrades, system testing, conversions, implementations, and training.
DUTIES & RESPONSIBILITIES:
Administer the Human Resources Information Systems (HRIS) with a primary focus on Shipside HR systems and reporting.Support ongoing HR process and system improvements through requirements gathering, systems analysis, design, development, testing and implementation.Provide production support activities including, but not limited to, researching and triaging system issues, monitoring interface processes, performing data audits, and recommending system and process improvements. Define report specifications and initiate report enhancements to modify custom reports. Using sql report writing and system delivered reporting tools, create ad hoc reports for HR and other Business users. Maintain all standard HR system reports and ensures all reports are published on a regular basis.Partner with IT and functional teams to ensure HR projects are successfully implemented, and data security management and SOX protocols are applied.Support system configuration and maintenance ensuring that all proposed changes are reviewed, tested, and successfully implemented. Lead UAT activities including but not limited to creating test plans, writing test cases and scripts, and analyzing testing results.Develop training manuals and job aids and deliver systems training as needed.Perform other job-related functions as assigned.
QUALIFICATIONS
DEGREE TYPE: Bachelor's Degree
FIELD(S) OF STUDY: Information Technology, Computer Science, Human Resources, or any related degree with some specialization in computer and/or equivalent work experience.
EXPERIENCE: 
Minimum 2 years' experience administering and supporting a human resource information system (e.g.; PeopleSoft, Workday, MAPS, OneView). Report writing experience required. Dashboard design and development experience highly desirable. Experience with BI, Snowflake or Stimulsoft reporting a major plus.
COMPETENCIES/SKILLS:
Knowledge in managing large scale HR applications. Excellent sql report writing skills to be able to create/publish reports, notifications, and modify templates. Strong analytical/diagnostic skills and attention to detail required. Ability to work independently as well as be part of the larger team. Must work well under pressure in a fast-paced environment with changing deadlines and priorities. Requires working off hours and weekends to support production activities and upgrades.Excellent written and verbal communication.
To Executive Search Firms & Staffing Agencies: NCLH does not accept unsolicited resumes from any agencies. All unsolicited resumes will be considered NCLH property, and NCLH will not be obligated to pay a referral fee. This includes resumes submitted directly to Hiring Managers without contacting the NCLH Human Resources Talent Acquisition Department.",,,Full-time,,https://www.linkedin.com/jobs/view/3901661051/?trk=jobs_biz_prem_srch,,ComplexOnsiteApply,,Associate,,1713211506000.0,,0.0,FULL_TIME,,,33122.0,12025.0,,,,,,,,,,,,,
,,"Lubbock, TX",,	Licensed Vocational Nurse ,,,,,,,,,,,,,,,,,,,,,,,,,,,,,,,,,,,,,,,,,,,,,,,,,,,,,,,,,,,,,,,,,,,,,,,,,,,,,,,,,,,,,,,,,,,,,,,,,,,,,,,,,,,,,,,,,,,,,,,,,,,,,,,,,,,,,,,,,,,,,,,,,,,,,,,,,,,,,,,,,,,,,,,,,,,,,,,,,,,,,,,,,,,,,,,,,,,,,,,,,,,,,,,,,,,,,50775.0,,"Job Description Essential Duties and Responsibilities include the following. Other duties and tasks may be assigned.Demonstrate effective use of supplies and staff labor hours.May assist with billing log preparation and updates.Perform duties as assigned to meet the patient care or operational needs of the clinicObtain blood samples for laboratory analysis as required to complete physician orders.Complete and document monthly review of patient medication profiles.Knowledge of and comply with applicable health care professionals practice act requirements.Perform duties at all times under the supervision of a Charge Nurse and within limitations established by and in accordance with company policy and procedures, applicable state and federal laws and regulationsMaintain thorough, accurate, and appropriate documentation in the patient record of all treatments, activities, and communication with the patient, physician and other healthcare professionals to include progress reports.Report any significant information or change in patient condition to the Charge Nurse.Report machine problems to Biomedical Technician and Administrator.Participate in staff meetings as required. Attend in-service and continuing education offerings in compliance with company policy and procedure.Assist with staff training as requested.

Equal Opportunity Employer - minorities/females/veterans/individuals with disabilities/sexual orientation/gender identity",,,Full-time,,https://www.linkedin.com/jobs/view/3901376266/?trk=jobs_biz_prem_srch,http://workintexas.com,OffsiteApply,,Associate,,1713457310000.0,,0.0,FULL_TIME,,,79401.0,48303.0,,,,,,,,,,,,,
,,"Lubbock, TX",,	Merchandiser Drop & Go,,,,,,,,,,,,,,,,,,,,,,,,,,,,,,,,,,,,,,,,,,,,,,,,,,,,,,,,,,,,,,,,,,,,,,,,,,,,,,,,,,,,,,,,,,,,,,,,,,,,,,,,,,,,,,,,,,,,,,,,,,,,,,,,,,,,,,,,,,,,,,,,,,,,,,,,,,,,,,,,,,,,,,,,,,,,,,,,,,,,,,,,,,,,,,,,,,,,,,,,,,,,,,,,,,,,,50812.0,,"Job Description 
Req ID:187494Job Location: LubbockWork days/Shift Hours - if applicable: Tuesday - Friday / 6:00 am - Finish (Full Time)Additional Relevant Information:Compensation: Up to $22.59 / hour based on experience. Additional local incentives may apply such as an extra week of pay, referral bonuses and more.General PurposeJoin our team! Our Merchandisers work in local stores to keep Coca-Cola products fully stocked on the shelves. This position is primarily responsible for maintaining product availability and merchandising products at all designated accounts. This job description does not include all job duties associated with this position.Duties and ResponsibilitiesMaintains product in Store racks, shelves, displays, and coolers by identifying replenishment needs; transporting product between backroom and display floor with manual equipment (for example, pallet jack, hand truck); utilizing hand tools; replenishing, facing, and rotating product; building, changing, and taking down product displays; maintaining product signage; cleaning product space; and securing damaged or defective product.Manages backroom by organizing and consolidating backstock (product); identifying, monitoring, and reporting backstock inventory levels; evaluating and processing damaged or defective product; re-packing product; organizing backroom materials (for example, pallets, product shells); operating powered equipment (for example, straddle stacker, powered pallet jack) and manual equipment (for example, pallet jack); completing Store documentation; and cleaning backroom.Maintains areas of responsibility in designated accounts by communicating status and concerns to Store and Company personnel; identifying and reporting unsafe working conditions; attending and completing Company training and certifications; following Company and Store policies regarding backroom, display floor, replenishment, equipment, and safety; following applicable local, state, and federal laws; utilizing a mobile device to complete work activities; and operating a motor vehicle.Provides customer service to Consumers and Store personnel by identifying and resolving concerns; answering questions; locating product; and responding to assistance requests.
QualificationsEducation: High School diploma or equivalent.Experience: Must be 18 years of age.Must be eligible to work in the United States.Must have a valid driver's license.Must have current vehicle liability insurance.Must have a driving record with no major moving violations in the last three (3) years.Must provide and maintain a personal vehicle for use during employee working hours.Ability to repetitively lift, carry, and position objects weighing up to 50 pounds without assistance.Ability to repetitively push and pull objects weighing up to 50 pounds without assistance while kneeling; squatting; reaching above the head; reaching at the waist; reaching below the knees; and bending at the knees.Ability to repetitively push and pull manual transport equipment (for example, pallet jack, hand truck) containing product loads a minimum of 100 yards without assistance.Ability to repetitively grasp and manipulate objects of varying size and weight requiring fine motor skills and hand-eye coordination.Ability to exert oneself physically over sustained periods of time to complete job activities.Ability to read information in small, medium, and large print.Ability to stand a minimum of 6 hours during the workday.Ability to walk a minimum of 4 miles during the workday.Preferred Qualifications1-year experience working in replenishment or as Merchandiser.1-year experience working in grocery, retail, consumer goods, warehousing, or related field. 1-year experience working in physically demanding fields such as construction, food service, landscaping, manufacturing, military, nursing, or related experience.1-year experience working under little or no supervision.

Coca-Cola Southwest Beverages LLC is an Equal Opportunity Employer and does not discriminate against any employee or applicant for employment because of race, color, sex, age, national origin, religion, sexual orientation, gender identity and/or expression, status as a veteran, and basis of disability or any other federal, state or local protected class.",HOURLY,,Full-time,,https://www.linkedin.com/jobs/view/3901376513/?trk=jobs_biz_prem_srch,http://workintexas.com,OffsiteApply,,Associate,,1713458142000.0,,0.0,FULL_TIME,USD,BASE_SALARY,79401.0,48303.0,,,,,,,,,,,,,
,,"Miami, FL",,	Public Figure Protection / Executive Protection Team Lead,,,,,,,,,,,,,,,,,,,,,,,,,,,,,,,,,,,,,,,,,,,,,,,,,,,,,,,,,,,,,,,,,,,,,,,,,,,,,,,,,,,,,,,,,,,,,,,,,,,,,,,,,,,,,,,,,,,,,,,,,,,,,,,,,,,,,,,,,,,,,,,,,,,,,,,,,,,,,,,,,,,,,,,,,,,,,,,,,,,,,,,,,,,,,,,,,,,,,,,,,,,,,,,,,,,,,6346.0,Gavin de Becker & Associates,"Gavin de Becker & Associates (GDBA) protects the world’s most influential and at-risk public figures. Founded in 1978 by 3-time Presidential appointee, Gavin de Becker, our firm’s Protectors, Analysts, and Investigators are committed to our mission of protecting human life through the assessment, prediction, and management of violence. 
A newly hired Protector in Miami will earn no less than $55k in their first year with GDBA. Miami-based Protectors could earn up to $70k in first year earnings.  
Team Leader opportunities are earned by merit when accounting for prior relevant experience and GDBA Training Academy performance. Protectors that excel in their individual performance and during their ongoing training along the Two-Year Professional Leadership Track (PLT) can make themselves eligible for an accelerated pathway to a Team Lead opportunity. 
This is a full-time position with benefits, including: Medical, Dental, Vision, Life Insurance, and 401(k). 
GDBA’s Mission: The Safety, Privacy, and Wellbeing of our Clients 
GDBA is seeking qualified individuals from diverse backgrounds that can bring their skills and experiences to our firm’s protective mission. Team Leaders lead and train protector teams, harness GDBA's mission essential resources, and protect clients in various challenging circumstances. 
Who You Are: 
GDBA’s ideal candidate for an Executive Protection Team Lead position possesses one or more of the following experience levels/credentials: 
3+ years of experience conducting close protection/executive protection operations for high-net-worth clients/at-risk clients. Experience working in one of or a combination of the following environments is preferred: Residential, Corporate, Technology, or Military/Law Enforcement Protective Security Details (PSD). International or domestic field/travel experience is also beneficial but not required 3+ years working in a full-time certified law enforcement officer position(s) HR-218 (LEOSA) eligibility or possession of a concealed carry (CCW) permit is notable 2+ years working as an Emergency Medical Technician (NREMT), a Paramedic (NREMT-P) or a Registered Nurse (RN). Equivalent military medical experience is also accepted such as a Corpsman, Combat Medic, and Special Operations Medical experience, etc. 
Your Role as a Team Leader:
Communicate directly with clients and become subject-matter experts for specific assignments Collaborate with senior leadership on high-level decisions Plan shift schedules and make adjustments based on client needs and approved Protector requests Monitor property while utilizing the tools and technology of a GDBA Command Center (CC) Screen visitors and vendors; control all access to a protected site Coordinate and execute security plans and respond to medical emergencies Provide physical protection and logistical support at clients' homes and when they travel Provide secure transportation (STO) as needed Survey and prepare (advance) locations prior to arrival of client Prepare detailed documentation of suspicious activity Create and maintain readiness to meet any threat
Interested Candidates Should Expect the Following: 
12-Day Introductory Essential Protector Skills (EPS) Training Academy Professional Leadership Track (PLT) - 2‑year on-the-job executive protection training curriculum that prepares Protectors for future leadership positions at GDBA: 500 hours of training, mentoring, instructing, and certification 4 additional advanced executive protection/leadership training academies Be able to pass physical readiness test (Pull-ups, Push-ups, Sit-ups, 800m run) Protectors must be drug and nicotine free Able to pass a pre-employment background investigation Must be able to swim 
Additional Compensation and Benefits: 
$1k-$3k sign-on bonus Gym, Massage, Ammunition, and Cellphone reimbursements $1,100 Health Savings Account (HSA) Contribution Family benefits including family outing fund, active kids fund, and school supplies fund Free vacations each year for 200 qualified Protectors Up to $2,500 stipend for CCW Licenses Up to $1,000 stipend for Special Certifications (EMT, Lifeguard, NRA, Pilot, Maritime) 
Visit our Earnings and Benefits Page to learn more about benefits, stipends, additional overtime opportunities, bonuses, travel pay, and more: www.gdba.com/earnings-and-benefits. 
Learn more about our organization by visiting our website, following GDBA on social media, or connecting with us on LinkedIn.",YEARLY,55000.0,Full-time,,https://www.linkedin.com/jobs/view/3885113158/?trk=jobs_biz_prem_srch,https://grnh.se/08b5f5c71us,OffsiteApply,,Associate,,1712440040000.0,,0.0,FULL_TIME,USD,BASE_SALARY,33122.0,12025.0,,,,,,,,,,,,,
,,"Lubbock, TX",,	Supervisor Clinic Operations,,,,,,,,,,,,,,,,,,,,,,,,,,,,,,,,,,,,,,,,,,,,,,,,,,,,,,,,,,,,,,,,,,,,,,,,,,,,,,,,,,,,,,,,,,,,,,,,,,,,,,,,,,,,,,,,,,,,,,,,,,,,,,,,,,,,,,,,,,,,,,,,,,,,,,,,,,,,,,,,,,,,,,,,,,,,,,,,,,,,,,,,,,,,,,,,,,,,,,,,,,,,,,,,,,,,,50299.0,St. Joseph Health,"Job Description Description
Under the supervision of the Director, directs the day-to-day operations of the assigned physician practice, including financial and personnel management and provides physician support. Exercises independent judgment, discretion and, within agreed upon limitations, makes administrative decisions, and takes action based on knowledge of the organization, its policies and procedures and personnel. Works with minimal supervision.
Providence caregivers are not simply valued - they're invaluable. Join our team at Covenant Medical Group and thrive in our culture of patient-focused, whole-person care built on understanding, commitment, and mutual respect. Your voice matters here, because we know that to inspire and retain the best people, we must empower them.
Required qualifications:

Computer and word processing experience.
3 years of Supv Physician Services - Ancillary Services:
Cardiac arrhythmia experience.

Preferred qualifications:

1 year of Experience in a medical office setting to include data entry and clerical.

Why Join Providence?
Our best-in-class benefits are uniquely designed to support you and your family in staying well, growing professionally, and achieving financial security. We take care of you, so you can focus on delivering our mission of caring for everyone, especially the most vulnerable in our communities.
About Providence
At Providence, our strength lies in Our Promise of ""Know me, care for me, ease my way."" Working at our family of organizations means that regardless of your role, we'll walk alongside you in your career, supporting you so you can support others. We provide best-in-class benefits and we foster an inclusive workplace where diversity is valued, and everyone is essential, heard and respected. Together, our 120,000 caregivers (all employees) serve in over 50 hospitals, over 1,000 clinics and a full range of health and social services across Alaska, California, Montana, New Mexico, Oregon, Texas and Washington. As a comprehensive health care organization, we are serving more people, advancing best practices and continuing our more than 100-year tradition of serving the poor and vulnerable.
The amounts listed are the base pay range; additional compensation may be available for this role, such as shift differentials, standby/on-call, overtime, premiums, extra shift incentives, or bonus opportunities.
Check out our benefits page for more information about our Benefits and Rewards.
About the Team
Since 1918, Covenant has been driven by a mission of providing a Christian ministry of healing and caring for the whole person through our integrated health network in West Texas/eastern New Mexico. As an expression of our mission, we believe we hold an important Covenant with our patients and try and treat every interaction as Sacred Encounters.
Our award-winning and comprehensive medical centers are located in the cities of Lubbock, Levelland, Plainview and Hobbs. Our not-for-profit network also provides a full spectrum of care with leading-edge diagnostics and treatment, outpatient health centers, physician groups and clinics, outreach programs, hospice and home care, and even schools for nursing and radiography.


Requsition ID: 271607
Company: Covenant Jobs
Job Category: Patient Care (Non-Acute)
Job Function: Clinical Care
Job Schedule: Full time
Job Shift: Day
Career Track: Leadership
Department: 8002 BUILDING LDC SUITE 400
Address: TX Lubbock 2215 Nashville Ave
Work Location: Covenant Medical Grp-Nashville Ave
Pay Range: $22.55 - $35.16
The amounts listed are the base pay range; additional compensation may be available for this role, such as shift differentials, standby/on-call, overtime, premiums, extra shift incentives, or bonus opportunities.
Check out our benefits page for more information about our Benefits and Rewards.


Providence is proud to be anEqual Opportunity Employer. We are committed to the principle that every workforce member has the right to work in surroundings that are free from all forms of unlawful discrimination and harassment on the basis of race, color, gender, disability, veteran, military status, religion, age, creed, national origin, sexual identity or expression, sexual orientation, marital status, genetic information, or any other basis prohibited by local, state, or federal law. We believediversitymakes us stronger, so we are dedicated to shaping an inclusive workforce, learning from each other, and creating equal opportunities for advancement.
Apply at www.workintexas.com - Job#16539608",HOURLY,22.55,Full-time,,https://www.linkedin.com/jobs/view/3901372012/?trk=jobs_biz_prem_srch,http://workintexas.com,OffsiteApply,,Associate,,1713456619000.0,,0.0,FULL_TIME,USD,BASE_SALARY,79401.0,48303.0,,,,,,,,,,,,,
,,"West Sacramento, CA",,  Data Architect,,,,,,,,,,,,,,,,,,,,,,,,,,,,,,,,,,,,,,,,,,,,,,,,,,,,,,,,,,,,,,,,,,,,,,,,,,,,,,,,,,,,,,,,,,,,,,,,,,,,,,,,,,,,,,,,,,,,,,,,,,,,,,,,,,,,,,,,,,,,,,,,,,,,,,,,,,,,,,,,,,,,,,,,,,,,,,,,,,,,,,,,,,,,,,,,,,,,,,,,,,,,,,,,,,,,,56377.0,CalSTRS,"The CalSTRS Technology Services Branch is seeking a motivated individual to work as an Information Technology Specialist II in the Enterprise IT Solution & Innovation Division on Data Solution Services team. 
The Technology Services Branch is committed to providing quality and timely technical support and services to the organization. Technology Services provides resources to successfully meet the technical demands of the organization.
The Enterprise IT Solutions and Innovation Division provides solutions development and related support services aimed at delivering and optimizing the CalSTRS enterprise-wide, technology-based solutions to the business. This division works in collaboration with the Project Management, Infrastructure and Operations, Enterprise IT Governance and CalSTRS business areas in the delivery of quality solutions that meet or exceed the business needs of CalSTRS. This division manages and provides oversight to Solution Services, START Solutions Development and Web Solutions Development Units.
Under the general direction of the Information Technology Manager I, Data Solution Services manager, the Information Technology Specialist II (ITS II) will act as the Data Architect and serves as the data architecture expert and technical leadership for CalSTRS business intelligence and data warehousing (BI&DW) solutions, and is responsible for various data architecture, data governance, business support, and hands-on data delivery tasks.
The Data Architect performs a variety of complex mission critical functions requiring unique skills to effectively build organizational data architectures and solutions for business intelligence use cases design and implementation. The Data Architect must engage, collaborate, and deliver division strategic goals to add business value to users and members. The Data Architect shall lead by example with strong hands-on in data security, data architecture, cloud managed services, and integration with CalSTRS Analytic Platform. The incumbent must be capable of promoting and demonstrating the business value of new cloud data solutions, building industrial level data architecture, developing pilots, and leading teams to scaling up and delivering to production.
The ideal candidate will possess the following skills: Experience in leading and managing data architecture initiatives, including designing scalable and efficient data warehouse solutions.Bachelor’s degree in Computer Science, Information Technology, Data Science, or related field.Five years of information technology experience, one year of which shall include experience in a lead or expert capacity.Experience in performance tuning and optimization of database and data warehouse systems.Strong oral, written, and interpersonal communication skills to communicate technical information to technical and non-technical audiences.Professional certifications in data architecture or data management.Ability to establish and enforce data governance polices, standards, and procedures to ensure the data quality, security, and compliance with regulations.Ability to lead the development and implementation of innovative technologies by collaborating with architects, technical teams & business analysts,
Every 12 months, based on performance evaluation, employees may receive a 5% salary increase until they reach the maximum salary for the position.
Telework Information: We offer a hybrid approach including in-office and remote work solutions with staff working on-site at our Headquarters in West Sacramento 2-3 days per week.",MONTHLY,8130.0,Full-time,,https://www.linkedin.com/jobs/view/3901939364/?trk=jobs_biz_prem_srch,https://calcareers.ca.gov/CalHrPublic/Jobs/JobPosting.aspx?JobControlId=427315,OffsiteApply,,Associate,,1713468523000.0,,0.0,FULL_TIME,USD,BASE_SALARY,95605.0,6113.0,,,,,,,,,,,,,
,,Washington DC-Baltimore Area,,  E-Discovery Project Manager,,,,,,,,,,,,,,,,,,,,,,,,,,,,,,,,,,,,,,,,,,,,,,,,,,,,,,,,,,,,,,,,,,,,,,,,,,,,,,,,,,,,,,,,,,,,,,,,,,,,,,,,,,,,,,,,,,,,,,,,,,,,,,,,,,,,,,,,,,,,,,,,,,,,,,,,,,,,,,,,,,,,,,,,,,,,,,,,,,,,,,,,,,,,,,,,,,,,,,,,,,,,,,,,,,,,,23582.0,Saicon,"Job Title: E-Discovery Project ManagerLocation: Washington, DCDuration: 12+ months==========================Job Descriptions:Education: Undergraduate degree and graduate degrees strongly preferred along with eDiscovery-related technical certifications. Certification in the eDiscovery program is preferred. Substantial relevant experience may in some cases be substituted for degree requirements. Required Skills: Minimum 5 years’ experience providing eDiscovery services and litigation support on complex and large cases involving complex eDiscovery challenges.Must have demonstrated exceptional written and verbal communication skills.Must possess detailed planning and organizational skills and have a thorough understanding of the Electronic Discovery Reference Model (EDRM); especially data collection, review, analytics and production.Candidate must possess solid, broad knowledge of Information Technology infrastructures including networks and other sources of data. Prior knowledge and experience managing eDiscovery projects and related technologies required.Advanced experience planning eDiscovery efforts, managing client expectations, and working with clients to minimize their risk exposure.Must be proficient in a wide range of technologies and be knowledgeable as to eDiscovery industry “best practices” including an understanding of multiple tools and processes associated with large scale complex eDiscovery response.Must establish compliance with all directives for secured handling of documents.Must have proven ability to work in a fast-paced production environment while maintaining proper priorities and scheduling on extremely tight deadlines.Must work as part of a team be able to manage complex relationships with all stakeholders.Must be well organized, a strong communicator, detail-oriented, demonstrate good judgment, and be confident working independently. Preferred Skills: Seeking a candidate with Oracle or SQL experience who has prior exposure to Records Management Systems (RMS) databases typically used by large police departments. ===============================================In case you are not looking for the change at this point please refer your colleagues, friends, etc.
ThanksDeepak",,,Contract,,https://www.linkedin.com/jobs/view/3889768807/?trk=jobs_biz_prem_srch,,ComplexOnsiteApply,,Mid-Senior level,,1712668937000.0,,0.0,CONTRACT,,,,,,,,,,,,,,,,,
,,"Austin, Texas Metropolitan Area",,  SAP RAR,,,,,,,,,,,,,,,,,,,,,,,,,,,,,,,,,,,,,,,,,,,,,,,,,,,,,,,,,,,,,,,,,,,,,,,,,,,,,,,,,,,,,,,,,,,,,,,,,,,,,,,,,,,,,,,,,,,,,,,,,,,,,,,,,,,,,,,,,,,,,,,,,,,,,,,,,,,,,,,,,,,,,,,,,,,,,,,,,,,,,,,,,,,,,,,,,,,,,,,,,,,,,,,,,,,,,25665.0,Centraprise,"SAP RARAustin, TX (Day 1 Onsite) Fulltime Permanent
Job Description:3+ years of SAP RAR (revenue accounting and reporting) experience specializing in design, configuration and RAR integration with FI, SD and/or BRIMTwo full life cycle implementation experience with SAP RAR module including RAR migration experience.Detail understanding of order-to-cash process, SD/FICO modules integration, BRIM process, IFRS 16, COPA and Revenue Recognition processKnowledge of BRF+ is highly desiredExperience in solution design and configuration of business processes within RAR, SD and FI/COHas demonstrated project leadership skills by coordinating cross functional teams and focused on delivering detail designs to align with industry best practices Prior experience in high tech or software industries with good understanding of accounting concepts Require strong verbal and written communication skills including business and functional requirements, management level presentations and proposals presentationExperience in S/4 HANA is preferredCandidates with Bachelors in Finance/ CPA / CPA equivalent preferredSD16, COPA",,,Full-time,,https://www.linkedin.com/jobs/view/3891076591/?trk=jobs_biz_prem_srch,,ComplexOnsiteApply,,Mid-Senior level,,1712863750000.0,,0.0,FULL_TIME,,,,,,,,,,,,,,,,,
,,United States,, .NET Full Stack Developer/Technical Lead,,,,,,,,,,,,,,,,,,,,,,,,,,,,,,,,,,,,,,,,,,,,,,,,,,,,,,,,,,,,,,,,,,,,,,,,,,,,,,,,,,,,,,,,,,,,,,,,,,,,,,,,,,,,,,,,,,,,,,,,,,,,,,,,,,,,,,,,,,,,,,,,,,,,,,,,,,,,,,,,,,,,,,,,,,,,,,,,,,,,,,,,,,,,,,,,,,,,,,,,,,,,,,,,,,,,,32006.0,Raas Infotek,"Hi,   Hope you are doing well  Please go through with the JD and let me know if you are interested is this position.   Job Title -  .NET Full Stack Developer/Technical Lead Location – Remote Type- Contract
 Visa- USC, GC Only Job Description:
10-12 years’ experience in Azure and .Net Core/ASP.net, MVC and Web API s10-12 years’ experience in developing full stack application using .NET frameworkExperience in System Analysis, Design, Development, Implementation and Maintenance of applications.Scalable code using .NET programming languages Revise, update, refactor and debug code Hands-on experience in .NET languages (e.g. C#, Visual Basic .NET)HTML5/CSS3/ASP .Net Familiarity with architecture styles/APIs (REST, RPC) and Angular, React, Node.jsHands-on experience in MVC architecture and JavaScript.Experience in Database - SQL server, Oracle, PL/SQL
(1.) To participate as an individual contributor in technical capacity(2.) To create work plans, monitor and track the work schedule for on time delivery as per the defined quality standards (3.) To ensure process improvement and compliance in the assigned module and participate in the technical or business discussions or review(4.) To develop and guide the team members in enhancing their technical capabilities and increasing productivity(5.) To prepare and submit status reports for minimizing exposure and risks on the project or closure of escalations






Thanks,Nutan ChoudharyRaas InfotekNewark, DE 19702Phone 3024496700 Ext-124Email: Nutan.Choudhary@raasinfotek.com",,,Contract,1.0,https://www.linkedin.com/jobs/view/3894879444/?trk=jobs_biz_prem_srch,,ComplexOnsiteApply,,Mid-Senior level,,1712855388000.0,,0.0,CONTRACT,,,,,,,,,,,,,,,,,
,,"Plano, TX",, .NET Lead Developer with Azure experience,,,,,,,,,,,,,,,,,,,,,,,,,,,,,,,,,,,,,,,,,,,,,,,,,,,,,,,,,,,,,,,,,,,,,,,,,,,,,,,,,,,,,,,,,,,,,,,,,,,,,,,,,,,,,,,,,,,,,,,,,,,,,,,,,,,,,,,,,,,,,,,,,,,,,,,,,,,,,,,,,,,,,,,,,,,,,,,,,,,,,,,,,,,,,,,,,,,,,,,,,,,,,,,,,,,,,55261.0,VBeyond Corporation,"Required Qualifications:Candidate must be located within commuting distance of San Diego, CA or Long Beach CA and be willing to relocate to this location prior to Onboarding. Bachelor’s degree or foreign equivalent required from accredited institution. Will also consider three years of progressive experience in the specialty in lieu of every year of education.At least 4 Years of experience in Information Technology.At least 3 years of professional experience within .Net Development and Azure.3+ years of experience with application development and support Preferred Qualifications:Experience with application migration to MS Azure Functions, MS Azure Automation is a plus.Working knowledge required on JavaScript, MSSQL, CI/CD, Docker Containerization, Linux (Oracle)/Windows.Experience with Data Masking is added advantage.Experience implementing systems for high-performance: high throughput, high-availability, low latency, etc.Ability to communicate complex technology solutions to diverse teams namely, technical, business and management teams.Experience managing team size of 2-3 would be a plus.Excellent verbal and written communication skillsExperience and desire to work in a Global delivery environment.",,,Full-time,,https://www.linkedin.com/jobs/view/3901698309/?trk=jobs_biz_prem_srch,,ComplexOnsiteApply,1713214601000.0,Mid-Senior level,,1713214534000.0,,0.0,FULL_TIME,,,75023.0,48085.0,,,,,,,,,,,,,
,,"Vienna, VA",, ATM Enterprise Monitoring Consultant / ATM Network Monitoring Consultant ( 100 % Onsite ),,,,,,,,,,,,,,,,,,,,,,,,,,,,,,,,,,,,,,,,,,,,,,,,,,,,,,,,,,,,,,,,,,,,,,,,,,,,,,,,,,,,,,,,,,,,,,,,,,,,,,,,,,,,,,,,,,,,,,,,,,,,,,,,,,,,,,,,,,,,,,,,,,,,,,,,,,,,,,,,,,,,,,,,,,,,,,,,,,,,,,,,,,,,,,,,,,,,,,,,,,,,,,,,,,,,,10630.0,"Zillion Technologies, Inc.","THIS IS A DIRECT BANKING CLIENT REQUIREMENT !Those authorized to work without sponsorship are encouraged to apply please.Reach Shaily Sharma - 9084874334Email: shaily(at)zilliontechnologies(dot)com // 9084874334
US citizens / GC Holders / GC EAD's ONLY
*****BEST BILL RATE *****
ATM Enterprise Monitoring Consultant / ATM Network Monitoring ConsultantLocation : 100 % ONSITEDuration : Long term ongoing plus extensions

Hours: Monday-Friday, 2pm-10:30pm ** because we are essential, all hours are subject to change for support. A weekend or morning may be required, etc. if the situation calls for that.
 Responsibilities • Proactively monitor ATM enterprise for performance and availability.• Monitor ATM incidents and alerts using various monitoring tools to ensure optimum systems performance• Detect, isolate, diagnose, record, escalate and resolve ATM operational issues, incidents and outages as quickly as possible• Create, document and update incident tickets, record faults, actions for resolution and up times• Interface with internal teams and/or vendors to resolve ATM enterprise system outages or periods of reduced performance, in accordance with established policies and procedures• Dispatch services for ATM component failures and outages; monitor until resolution
 Qualifications – All required unless otherwise noted• 1-2 years of ATM and/or network monitoring experience• Ability to respond quickly and accurately in high pressure situations• Ability to effectively manage tasks and job duties with shifting priorities• Ability to document and apply policies, standards and procedures• Experience in problem resolution including determining root cause, scope and scale of issues• Exposure to validating system availability and performance• Working knowledge of enterprise systems, terminal knowledge and IT terminology• Research, analytical, and problem solving skills• Effective skill exercising initiative and using good judgment to make sound decisions• Effective skill supporting a global 24/7/365, member/customer focused services operation• Effective verbal and written communication skills• Working knowledge of ATM and/or enterprise system monitoring tools  Working Conditions• The position is designated as “ Essential Personnel” which may require personnel to be called to work on a flexible schedule due to business needs and/or in the event of an emergency, reduced site operations or training

Please send qualified resumes directly to : shaily(at)zilliontechnologies(dot)com // 9084874334
Thanks,Shaily SharmaZillion Technologies Inc.Asst. Director - Talent Acquisition9084874334Email: shaily(at)zilliontechnologies(dot)com // 9084874334",,,Contract,,https://www.linkedin.com/jobs/view/3887100370/?trk=jobs_biz_prem_srch,,ComplexOnsiteApply,,Mid-Senior level,,1712668969000.0,,0.0,CONTRACT,,,22180.0,51059.0,,,,,,,,,,,,,
,,United States,, Account Manager - Scientific Equipment,,,,,,,,,,,,,,,,,,,,,,,,,,,,,,,,,,,,,,,,,,,,,,,,,,,,,,,,,,,,,,,,,,,,,,,,,,,,,,,,,,,,,,,,,,,,,,,,,,,,,,,,,,,,,,,,,,,,,,,,,,,,,,,,,,,,,,,,,,,,,,,,,,,,,,,,,,,,,,,,,,,,,,,,,,,,,,,,,,,,,,,,,,,,,,,,,,,,,,,,,,,,,,,,,,,,,26527.0,ML6 Search + Talent Advisory,"The Opportunity:
Our client is a leading player in the analytical instrumentation and chemical analysis equipment sector. We are supporting them in the hiring of an Account Manager to cover the CT, RI and Western MA territory. This key member of the team will be building and developing relationships with accounts in the assigned territory. This person will be an enthusiastic and outgoing scientific professional.
Account Managers liaise with corporate headquarters in the USA, provide technical sales solutions for all product lines and verticals, working with instrument specific product and application specialists and other defined activities. They will work with many members of our clients team and will support an exciting range of customers.
This role is a great move for a candidate wanting to make an impact in a growing organisation selling a top tier product.
What You'll Be Doing:
Actively generating new leads and opportunities through business development activities.Attending local and National tradeshows.Becoming technically proficient on all assigned product and verticals.Creating and maintaining good communications between current and prospective customers, field sales force, marketing and service teams, and corporate headquarters personnel.Working in unison with the specialist product managers.Developing and implementing a strategic account sales strategy designed to increase penetration of the company’s products.Working with Team Leader, Field Application Specialists and Lab Application Specialists.Observing developments in the marketplace (products, competition) and proactively inform colleagues and management.Travelling throughout assigned territory to meet with clients.Effectively utilize monthly sales reports to communicate territory status, forecasting and lost orders.Utilizing company’s established CRM to create and update contact information, leads and opportunities.Functioning as a back-up resource for select other sales territories, as needed.Be available to travel approximately up to 60%, including occasional international travel.Attaining annual assigned sales targets.
What You'll Need to Be Successful:  BS degree in Chemistry or related science.Familiarity with the laboratory settingsales work experience (preferably scientific sales).Willingness to travelStrong organizational/time management skills.Effective interpersonal skills.High functional level in MS-Office programs, especially Excel, PowerPoint, and Word.Previous experience with CRM software.Experience with client markets in food, agriculture, environmental, chemical manufacture and more",,,Full-time,1.0,https://www.linkedin.com/jobs/view/3891248749/?trk=jobs_biz_prem_srch,,ComplexOnsiteApply,,Associate,,1712881796000.0,,0.0,FULL_TIME,,,,,,,,,,,,,,,,,
,,"East Brunswick, NJ",, Accounting Advisory (Full-time),,,,,,,,,,,,,,,,,,,,,,,,,,,,,,,,,,,,,,,,,,,,,,,,,,,,,,,,,,,,,,,,,,,,,,,,,,,,,,,,,,,,,,,,,,,,,,,,,,,,,,,,,,,,,,,,,,,,,,,,,,,,,,,,,,,,,,,,,,,,,,,,,,,,,,,,,,,,,,,,,,,,,,,,,,,,,,,,,,,,,,,,,,,,,,,,,,,,,,,,,,,,,,,,,,,,,50390.0,Solomon Page,"Our client, a boutique Accounting Advisory firm, is interested in hiring Accounting and Finance Professionals – Certified Public Accountants, Accounting Managers, Financial Reporting Managers, Senior Accountants, Audit Managers, Audit Seniors, etc. – who are looking to broaden their skill sets and gain valuable experiences to help enhance their marketability and advance their careers. Advisory assignments include Transactional Activity Support, Controllership & Financial Reporting, Finance and Special Projects. This position will be hybrid and based out of the East Brunswick, NJ office. Required Qualifications:
High energy and enthusiasm, with a strong commitment to exceeding client expectations.Flexibility and openness to work on a variety of assignments, industries, and roles.Ability to learn quickly, make an immediate impact, and provide value-added service to our clients.Strong communication & interpersonal skills, displaying the ability to connect and build relationships with clients, firm leadership, & peers.Confidence in professional aptitude and ability to effectively convey skills, knowledge, and qualifications to clients.Team player with a strong desire to be an active, long-term participant in the growth of the local office and Firm overall.Entrepreneurial spirit and belief in the opportunities that the firm offers.Interest and passion to get involved in other professional experiences such as Business Development and Recruiting.Undergraduate degree in Accounting or Finance.Certified Public Accountant (CPA) certification, or progress towards, preferred.Required: 3 years of relevant technical / strategic accounting experience.Required: 2 busy seasons in external audit with a Big 4 or large Certified Public Accountant (CPA) Firm.Strongly Preferred: 1 busy season as a “Senior” in external audit with a Big 4 or large CPA Firm.Corporate accounting and/or finance experience at a large public corporation is a plus but not required.Excellent analytical, technical, and auditing skills including proficiency in U.S. Generally Accepted Accounting Principles (GAAP) and Financial Accounting Services Board (FASB) rules and standards.Strong computer desktop skills required. Advanced Microsoft Excel skills (i.e., macros, pivot tables, etc.) desirable.
If you meet the required qualifications and are interested in this role, please apply today. 
The Solomon Page Distinction
Our teams, comprised of subject matter experts, develop an interest in your preferences and goals and we act as an advisor for your career advancement. Solomon Page has an extensive network of established clients which allows us to present opportunities that are well-suited to your respective goals and needs – this specialized approach sets us apart in the industries we serve.
About Solomon Page
Founded in 1990, Solomon Page is a specialty niche provider of staffing and executive search solutions across a wide array of functions and industries. The success of Solomon Page reflects an organic growth strategy supported by a highly entrepreneurial culture. Acting as a strategic partner to our clients and candidates, we focus on providing customized solutions and building long-term relationships based on trust, respect, and the consistent delivery of excellent results. For more information and additional opportunities, visit: solomonpage.com and connect with us on Facebook, and LinkedIn.
Opportunity Awaits.",,,Full-time,,https://www.linkedin.com/jobs/view/3901372814/?trk=jobs_biz_prem_srch,,ComplexOnsiteApply,,Associate,,1713458613000.0,,0.0,FULL_TIME,,,8816.0,34023.0,,,,,,,,,,,,,
,,United States,, Accounting Manager,,,,,,,,,,,,,,,,,,,,,,,,,,,,,,,,,,,,,,,,,,,,,,,,,,,,,,,,,,,,,,,,,,,,,,,,,,,,,,,,,,,,,,,,,,,,,,,,,,,,,,,,,,,,,,,,,,,,,,,,,,,,,,,,,,,,,,,,,,,,,,,,,,,,,,,,,,,,,,,,,,,,,,,,,,,,,,,,,,,,,,,,,,,,,,,,,,,,,,,,,,,,,,,,,,,,,38950.0,Maxonic,"Maxonic maintains a close and long-term relationship with our direct client. In support of their needs, we are looking for a Accounting Manager (CPA Required)
The ideal candidate will be providing hands on, proactive leadership and daily work direction to the General Ledger team.
ResponsibilitiesPrepare monthly account reconciliationsResearch variances in the GL and prepare explanationsEnsure compliance with established SOX processesOther special projects as neededServing as a reference point for issue resolutionRecommending proper accounting treatment and work with technical accounting to provide guidance related to new pronouncements or changesDeveloping and implementing accounting practices and proceduresWorking with tax, internal and external auditors to complete financial and compliance requirementsEnsuring accounting estimates are properly supported, accurate and completeDriving continuous improvement and process initiatives throughout area of responsibilityCoaching the accounting team to next level including performance appraisals, training, and development plansParticipating in all audits procuring PBC items etc
Qualifications
Bachelor's degree in Accounting, CPA8+ years of relevant accounting experienceHave atleast 2 years of experience working on SAPExcellent excel working knowledgeGood presentation skillsTechnology industry is preferable.
Since 2002 Maxonic has been at the forefront of connecting candidate strengths to client challenges. Our award winning, dedicated team of recruiting professionals are specialized by technology, are great listeners, and will seek to find a position that meets the long-term career needs of our candidates. We take pride in the over 10,000 candidates that we have placed, and the repeat business that we earn from our satisfied clients.
Interested in Applying?
Please apply with your most current resume. Feel free to contact Neha Dhiman (neha.d@maxonic.com / (408) 400-2309) for more details",,,Contract,1.0,https://www.linkedin.com/jobs/view/3898162527/?trk=jobs_biz_prem_srch,,ComplexOnsiteApply,,Mid-Senior level,,1713209237000.0,,0.0,CONTRACT,,,,,,,,,,,,,,,,,
,,"Commack, NY",, Accounts Receivable Specialist,,,,,,,,,,,,,,,,,,,,,,,,,,,,,,,,,,,,,,,,,,,,,,,,,,,,,,,,,,,,,,,,,,,,,,,,,,,,,,,,,,,,,,,,,,,,,,,,,,,,,,,,,,,,,,,,,,,,,,,,,,,,,,,,,,,,,,,,,,,,,,,,,,,,,,,,,,,,,,,,,,,,,,,,,,,,,,,,,,,,,,,,,,,,,,,,,,,,,,,,,,,,,,,,,,,,,24446.0,Soni,"Our client, a growing Real Estate/Property Management Firm on Long Island, is looking to add an Accounts Receivable Specialist to their team. The Accounts Receivable Specialist is responsible for handling rent deposits, processing late payments, reconciliation of payment discrepancies, and processing security deposits & security deposits. 
Requirements: Experience working for a Real Estate/Property Management organization.  Yardi Voyager and/or Rent Café  Professional written and verbal communication skills 
Preferred Skills: 1+ year with real estate accounts receivable experience, specifically in property management 
Compensation: $55,000-$65,000 Salary is based on a range of factors that include relevant experience, knowledge, skills, other job-related qualifications.",YEARLY,55000.0,Full-time,,https://www.linkedin.com/jobs/view/3891012840/?trk=jobs_biz_prem_srch,https://www.soniresources.com/careers/#/jobs/10008,OffsiteApply,,Associate,,1712858817000.0,,0.0,FULL_TIME,USD,BASE_SALARY,11725.0,36103.0,,,,,,,,,,,,,
,,"Sunnyvale, CA",, Acoustic Measurement Engineer,,,,,,,,,,,,,,,,,,,,,,,,,,,,,,,,,,,,,,,,,,,,,,,,,,,,,,,,,,,,,,,,,,,,,,,,,,,,,,,,,,,,,,,,,,,,,,,,,,,,,,,,,,,,,,,,,,,,,,,,,,,,,,,,,,,,,,,,,,,,,,,,,,,,,,,,,,,,,,,,,,,,,,,,,,,,,,,,,,,,,,,,,,,,,,,,,,,,,,,,,,,,,,,,,,,,,60229.0,L&T Technology Services,"Location: Sunnyvale, CA or Redmond, Washington
You will be prototyping and evaluating new audio technologies and collecting measurement data on consumer electronic devices in development. The role involves validation through acoustic measurements and user studies, helping to drive product specifications to support feature implementation. As part of our team, you will work collaboratively with cross-functional teams (software, hardware integration, user interaction). 
Responsibilities: Conduct audio and acoustical measurements (frequency, distortion, impedance, etc. across acoustical and electrical domains).Create, categorize, and validate result data supporting projects with tight, fixed timelines. Follow and define test procedures, work in a detail-oriented manner to ensure repeatability and reproducibility of results. Maintain a functional and organized laboratory environment, bring up maintenance and improvement needs.  Key Qualifications: Hands on experience of 3 or more years with audio hardware testing Familiarity with audio lab tools such as HATS, measurement microphones, and at least some of Head Acoustics ACQUA, Audio Precision, Listen Inc Soundcheck Effective communication, documentation, and presentation skills",,,Full-time,,https://www.linkedin.com/jobs/view/3901977379/?trk=jobs_biz_prem_srch,,ComplexOnsiteApply,,Mid-Senior level,,1713484312000.0,,0.0,FULL_TIME,,,94085.0,,,,,,,,,,,,,,
,,"Charlotte, NC",, Actimize Support,,,,,,,,,,,,,,,,,,,,,,,,,,,,,,,,,,,,,,,,,,,,,,,,,,,,,,,,,,,,,,,,,,,,,,,,,,,,,,,,,,,,,,,,,,,,,,,,,,,,,,,,,,,,,,,,,,,,,,,,,,,,,,,,,,,,,,,,,,,,,,,,,,,,,,,,,,,,,,,,,,,,,,,,,,,,,,,,,,,,,,,,,,,,,,,,,,,,,,,,,,,,,,,,,,,,,52862.0,"Reqroute, Inc","Job Title: Actimize SupportLocation: Preferred Charlotte, NC OR New Jersey HybridCovid Vaccine Required
Actimize Support; SAM or WLF/ IFM
Must Have’s:2 years minimum experience as an Actimize SupportExperience on Actimize AIS/RCM/ActOne for at least 3-5 yearsExperience on Actimize SAM/CDD/WLF/IFM/UDM solution for at least 3-5 yearsStrong knowledge on Actimize application support on ( SAM or ( WLF / IFM ) ) for at least 2+ years in a complex environmentConversant with Incident Management, Problem management methodology
JD:Receive, acknowledge, resolve/dispatch Incident ticketsRaise problem ticket for critical/repetitive incidents to identify RCA and permanent fixPerform code changes as required to restore servicesMonitor application health status & monitor log/dashboard to identify issue proactivelyAnalysis of business inquiries about application functionality and technology processes and troubleshooting of issuesSupport the batch processing cycle and resolve any abendsIdentify and share efficiency ideas and opportunities to customer for implementationProvide proactive issue resolution to items",,,Contract,,https://www.linkedin.com/jobs/view/3901629144/?trk=jobs_biz_prem_srch,,ComplexOnsiteApply,,Mid-Senior level,,1713208478000.0,,0.0,CONTRACT,,,28202.0,37119.0,,,,,,,,,,,,,
,,United States,, Advanced Procurement Cloud Consultant (Functional) ,,,,,,,,,,,,,,,,,,,,,,,,,,,,,,,,,,,,,,,,,,,,,,,,,,,,,,,,,,,,,,,,,,,,,,,,,,,,,,,,,,,,,,,,,,,,,,,,,,,,,,,,,,,,,,,,,,,,,,,,,,,,,,,,,,,,,,,,,,,,,,,,,,,,,,,,,,,,,,,,,,,,,,,,,,,,,,,,,,,,,,,,,,,,,,,,,,,,,,,,,,,,,,,,,,,,,53071.0,Net2Source Inc.,"Net2Source Inc. is an award-winning total workforce solutions company recognized by Staffing Industry Analysts for our accelerated growth of 300% in the last 3 years with over 5500+ employees globally, with over 30+ locations in the US and global operations in 32 countries. We believe in providing staffing solutions to address the current talent gap – Right Talent – Right Time – Right Place – Right Price and acting as a Career Coach to our consultants.


Role - Advanced Procurement Cloud Consultant (Functional Lead)Location - REMOTE Contract Opportunity 

Job Description:

This role will serve as the functional lead delivering leveraging leading practices to ensure usability within and across the modules. The individual will partner with the company and the SI of the project.• Supplier Portal• Supplier Setup, Onboarding and Approval• Supplier Qualification(ie assessments and performance review) and integration with Onetrust through MDM for vendor qualification• Supplier Sourcing(light deployment primarily to be used by key business owners)• Supplier Contracts(heavy use due to nature of business, including Master, SOW, Staffing but excludes confidentiality agreements) integrated with esignatureThe ideal candidate• Performed as a senior individual contributor or as a manager in these areas such as a sourcing manager, contract negotiator, supplier qualification, etc• Good understanding of best implementation strategies as these modules are a new build with cloud deployment, coming from legacy manual processes in excel, word and email. • Prior oracle cloud experience and implementation certification• Knowledge and experience of a GXP or Healthcare service organization requirements• Understanding of the integration with Master Data Management for the key Supplier attributes.• Address the key gaps or issues from a configuration or change management aspect for these modules

Regards:Anup KumarTeam Lead - Recruitment Cell: (201) 479-0965Email: anup.tiwary@net2source.com",,,Contract,1.0,https://www.linkedin.com/jobs/view/3901634864/?trk=jobs_biz_prem_srch,,ComplexOnsiteApply,,Mid-Senior level,,1713209910000.0,,0.0,CONTRACT,,,,,,,,,,,,,,,,,
,,"Pleasanton, CA",," Area Vice President Operations, Home Health ",,,,,,,,,,,,,,,,,,,,,,,,,,,,,,,,,,,,,,,,,,,,,,,,,,,,,,,,,,,,,,,,,,,,,,,,,,,,,,,,,,,,,,,,,,,,,,,,,,,,,,,,,,,,,,,,,,,,,,,,,,,,,,,,,,,,,,,,,,,,,,,,,,,,,,,,,,,,,,,,,,,,,,,,,,,,,,,,,,,,,,,,,,,,,,,,,,,,,,,,,,,,,,,,,,,,,24458.0,CenterWell Home Health,"As an Area Vice President of Operations, you will:Manage Branch and Area Directors in all operational areas including process and personnel management, sales growth and achieving financial goals. Develop annual branch budget and monitor expenditures. Analyze gross profit factors, market conditions, business volume/mix, competition and operational costs. Partner with Sales counterpart to ensure continued branch growth by expanding new and existing client base. Partner with clinical team to ensure quality deliverables designed to oversee patient intake and inquiries and assess patient needs.
Required Experience/Skills: Bachelors Degree or the equivalent Minimum of eight years multi-site healthcare operations experience with strong focus on sales and business development Current or recent experience managing a minimum of 10M in healthcare revenue Previous homecare or hospice operations experience strongly preferred Success in revenue growth and in the development and execution of market planning Outstanding leadership, managerial skills Good organizational, interpersonal and communication skills",,,Full-time,,https://www.linkedin.com/jobs/view/3891013478/?trk=jobs_biz_prem_srch,,ComplexOnsiteApply,,,,1712858583000.0,,0.0,FULL_TIME,,,94566.0,6001.0,,,,,,,,,,,,,
,,Greater Philadelphia,, Associate Chief of Staff,,,,,,,,,,,,,,,,,,,,,,,,,,,,,,,,,,,,,,,,,,,,,,,,,,,,,,,,,,,,,,,,,,,,,,,,,,,,,,,,,,,,,,,,,,,,,,,,,,,,,,,,,,,,,,,,,,,,,,,,,,,,,,,,,,,,,,,,,,,,,,,,,,,,,,,,,,,,,,,,,,,,,,,,,,,,,,,,,,,,,,,,,,,,,,,,,,,,,,,,,,,,,,,,,,,,,10914.0,Metro Global Ventures LLC,"Metro is a boutique investment firm dedicated to nurturing our profitable, growing businesses in niche service industries. Metro has a dynamic, fast-paced atmosphere and our lean team is profoundly committed to the success of our portfolio companies. In our efforts to help our portfolio companies achieve their full potential, each day brings something unique—whether tackling highly complex projects or supporting them with more routine tasks. At Metro, there is no typical day; anticipate the unexpected.
Our Associate Chief of Staff role involves close collaboration with our Managing Director. While the core responsibilities remain focused on supporting our portfolio companies’ operations, this role specifically positions you as our Managing Director’s right-hand person. The ideal candidate possesses a natural problem-solving ability, entrepreneurial mindset, excels in managing complex projects, and is hands-on in addressing day-to-day business issues. This role is integral to our success as it involves conducting in-depth research and addressing potential challenges and combines research with an entrepreneurial dimension. This position is meant for a highly motivated, hard-working individual who likes to take on challenges and make a difference in an organization.
***This role involves on-site work at our Bala Cynwyd office on a hybrid schedule. We will only consider candidates who are within a reasonable commuting distance.
ResponsibilitiesAct as the Managing Director's right-hand person, providing crucial support and insights for seamless operations.Demonstrate proactive problem solving by identifying and addressing potential issues impacting the performance and success of our portfolio companies.Collaborate on projects and initiatives to enhance the growth and efficiency of our portfolio companies.Utilize natural problem-solving abilities to navigate and resolve day-to-day business issues, contributing to the overall success of the organization.Actively contribute to the organization's success by conducting in-depth research and addressing potential challenges, enhancing the overall resilience and competitiveness of our portfolio companies.Adopt a hands-on approach to manage both complex and straightforward projects and initiatives, ensuring successful execution aligned with organizational objectives.
Position Requirements:A Bachelor's Degree in a relevant field.Strong research and analytical skills.Exceptional problem-solving capabilities.Effective communication and interpersonal skills.Adaptability to work in a fast-paced, dynamic environment.Detail-oriented with strong organizational skills.A proactive and entrepreneurial mindset.Ability to collaborate with diverse teams.Commitment to achieving collective success.2-5 years of relevant experience in a similar capacity, ideally within a startup, B2B, professional services, or legal context.Demonstrated expertise in operations and business development operations.Self-starter with strong project and time management skillsDemonstrated ability to take on assignments and bring them to successful conclusionsHumble and collaborative approach; no ego",,,Full-time,,https://www.linkedin.com/jobs/view/3887472125/?trk=jobs_biz_prem_srch,,ComplexOnsiteApply,,Associate,,1712345752000.0,,0.0,FULL_TIME,,,,,,,,,,,,,,,,,
